{"policy/rollout_train_abs_diff_mean":0,"policy/is_ratio_mean":0.7392378350141908,"dapo/groups_filtered":1,"policy/is_ratio_max":141.13845825195312,"dapo/samples_kept":24,"_step":24,"policy/is_ratio_min":9.497388759882597e-07,"policy/rollout_train_abs_diff_max":0,"_wandb":{"runtime":156},"_runtime":156.393563551,"policy/loss":0.364922150503844,"reward/mean":0,"_timestamp":1.782793330721249e+09}