{"policy/is_ratio_max":88.61283874511719,"policy/is_ratio_min":4.533372788273482e-09,"_step":13,"reward/avg_raw_reward":2.15625,"policy/rollout_train_logprobs_abs_diff_mean":0,"policy/is_ratio_mean":0.5321222239741098,"_runtime":151.741663259,"policy/rollout_train_logprobs_abs_diff_max":0,"_wandb":{"runtime":151},"_timestamp":1.7827954059105682e+09,"dapo/groups_filtered":0,"dapo/samples_kept":32,"policy/policy_loss":0.30914148944430053}