{"reward/mean":0,"policy/rollout_train_abs_diff_mean":0,"_runtime":116.242095932,"policy/is_ratio_max":114.1562271118164,"policy/rollout_train_abs_diff_max":0,"_timestamp":1.7827934978908708e+09,"_step":13,"policy/is_ratio_min":2.3840764917792967e-09,"policy/is_ratio_mean":0.7275824603568367,"policy/loss":0.29553209518417134,"dapo/groups_filtered":1,"_wandb":{"runtime":116},"dapo/samples_kept":32}